{"cameraMode":{"drawMode":0,"name":"Shaded","section":"Shading Mode"},"sceneLighting":false,"audioPlay":false,"sceneViewState":{"m_AlwaysRefresh":false,"showFog":true,"showSkybox":true,"showFlares":true,"showImageEffects":true,"showParticleSystems":true,"showVisualEffectGraphs":true,"m_FxEnabled":true},"in2DMode":false,"pivot":{"x":11.367514610290528,"y":0.7748842239379883,"z":-0.8005557656288147},"rotation":{"x":0.23337382078170777,"y":0.3545770049095154,"z":-0.09185480326414108,"w":0.9007900953292847},"size":0.7213951945304871,"orthographic":false}